{"count":1,"self":349.3863168,"total":16328.7228181,"children":{"InitializeActuators":{"count":55,"self":0.0020168,"total":0.0020168,"children":null},"InitializeSensors":{"count":55,"self":0.0010050999999999999,"total":0.0010050999999999999,"children":null},"AgentSendState":{"count":181851,"self":29.594985599999998,"total":175.3312564,"children":{"CollectObservations":{"count":10001805,"self":24.804904,"total":24.804904699999998,"children":null},"WriteActionMask":{"count":10001805,"self":4.5923972,"total":4.5923972,"children":null},"RequestDecision":{"count":10001805,"self":33.1703616,"total":116.3389677,"children":{"AgentInfo.ToProto":{"count":10001805,"self":24.4083744,"total":83.168605599999992,"children":{"GenerateSensorData":{"count":10001805,"self":58.7602304,"total":58.760231,"children":null}}}}}}},"DecideAction":{"count":181851,"self":15591.3535488,"total":15591.3541242,"children":null},"AgentAct":{"count":181851,"self":210.181952,"total":212.64710599999998,"children":{"AgentInfo.ToProto":{"count":131270,"self":0.7700104,"total":2.4651506,"children":{"GenerateSensorData":{"count":131270,"self":1.6951402,"total":1.6951402,"children":null}}}}}},"gauges":{"BallCatch.CumulativeReward":{"count":131270,"max":8.361395,"min":-4.130267,"runningAverage":-0.381004125,"value":-1.89212537,"weightedAverage":1.69562566}},"metadata":{"timer_format_version":"0.1.0","start_time_seconds":"1734966473","unity_version":"2023.2.20f1","command_line_arguments":"C:\\Program Files\\Unity\\Hub\\Editor\\2023.2.20f1\\Editor\\Unity.exe -projectpath C:\\Users\\hchohsu\\Desktop\\Github\\RPL-Final-Unity-Ver -useHub -hubIPC -cloudEnvironment production","communication_protocol_version":"1.5.0","com.unity.ml-agents_version":"3.0.0","scene_name":"SampleScene","end_time_seconds":"1734982801"}}