{"count":1,"self":489.0928128,"total":17315.6482048,"children":{"InitializeActuators":{"count":45,"self":0,"total":0,"children":null},"InitializeSensors":{"count":45,"self":0.0010035999999999999,"total":0.0010035999999999999,"children":null},"AgentSendState":{"count":841101,"self":6.5722868,"total":632.3220001,"children":{"CollectObservations":{"count":7569945,"self":5.5305672,"total":5.5305672,"children":null},"WriteActionMask":{"count":7569945,"self":0.85627559999999991,"total":0.85627559999999991,"children":null},"RequestDecision":{"count":7569945,"self":5.3891412,"total":619.3628704,"children":{"AgentInfo.ToProto":{"count":7569945,"self":4.9705616,"total":613.9737293,"children":{"GenerateSensorData":{"count":7569945,"self":609.0031616,"total":609.0031679,"children":null}}}}}}},"DecideAction":{"count":841101,"self":15679.8631936,"total":15679.863229499999,"children":null},"AgentAct":{"count":841101,"self":286.4992256,"total":514.3681687,"children":{"AgentInfo.ToProto":{"count":1530518,"self":2.1678904,"total":227.8689335,"children":{"GenerateSensorData":{"count":1530518,"self":225.7010432,"total":225.7010432,"children":null}}}}}},"gauges":{"BallCatch.CumulativeReward":{"count":1530518,"max":-1.47888756,"min":-7.501349,"runningAverage":-1.78281271,"value":-2.2579627,"weightedAverage":-1.87606072}},"metadata":{"timer_format_version":"0.1.0","start_time_seconds":"1734337030","unity_version":"2023.2.20f1","command_line_arguments":"C:\\Program Files\\Unity\\Hub\\Editor\\2023.2.20f1\\Editor\\Unity.exe -projectpath D:\\NTU\\RPL\\RPL Final -useHub -hubIPC -cloudEnvironment production","communication_protocol_version":"1.5.0","com.unity.ml-agents_version":"3.0.0","scene_name":"SampleScene","end_time_seconds":"1734354345"}}